Built,n,prop
3.4.0,31,0.4189189189189189
3.4.1,13,0.17567567567567569
3.4.2,10,0.13513513513513514
3.4.3,20,0.2702702702702703
